,vix,yield_curve,fed_funds,cpi,baa_rate,aaa_rate,m2,unemployment,credit_spread,vix_percentile,vix_spike,yield_inverted,cpi_yoy,m2_yoy
2016-01-03,,,0.34,237.652,5.45,4.0,12518.5,4.8,1.4500000000000002,,0,0,,
2016-01-10,27.01,1.19,0.34,237.652,5.45,4.0,12518.5,4.8,1.4500000000000002,,0,0,,
2016-01-17,27.02,1.18,0.34,237.652,5.45,4.0,12518.5,4.8,1.4500000000000002,,0,0,,
2016-01-24,22.34,1.19,0.34,237.652,5.45,4.0,12518.5,4.8,1.4500000000000002,,0,0,,
2016-01-31,20.2,1.18,0.34,237.652,5.45,4.0,12518.5,4.8,1.4500000000000002,,0,0,,
2016-02-07,23.38,1.12,0.38,237.336,5.34,3.96,12603.9,4.9,1.38,,0,0,,
2016-02-14,25.4,1.03,0.38,237.336,5.34,3.96,12603.9,4.9,1.38,,0,0,,
2016-02-21,20.53,1.0,0.38,237.336,5.34,3.96,12603.9,4.9,1.38,,0,0,,
2016-02-28,19.81,0.96,0.38,237.336,5.34,3.96,12603.9,4.9,1.38,,0,0,,
2016-03-06,16.86,1.0,0.36,238.08,5.13,3.82,12661.8,5.0,1.31,,0,0,,
2016-03-13,16.5,1.01,0.36,238.08,5.13,3.82,12661.8,5.0,1.31,,0,0,,
2016-03-20,14.02,1.04,0.36,238.08,5.13,3.82,12661.8,5.0,1.31,,0,0,,
2016-03-27,14.74,1.02,0.36,238.08,5.13,3.82,12661.8,5.0,1.31,,0,0,,
2016-04-03,13.1,1.03,0.37,238.992,4.79,3.62,12743.2,5.1,1.17,,0,0,,
2016-04-10,15.36,1.02,0.37,238.992,4.79,3.62,12743.2,5.1,1.17,,0,0,,
2016-04-17,13.62,1.02,0.37,238.992,4.79,3.62,12743.2,5.1,1.17,,0,0,,
2016-04-24,13.22,1.05,0.37,238.992,4.79,3.62,12743.2,5.1,1.17,,0,0,,
2016-05-01,15.7,1.06,0.37,239.557,4.68,3.65,12802.0,4.8,1.0299999999999998,,0,0,,
2016-05-08,14.72,1.05,0.37,239.557,4.68,3.65,12802.0,4.8,1.0299999999999998,,0,0,,
2016-05-15,15.04,0.95,0.37,239.557,4.68,3.65,12802.0,4.8,1.0299999999999998,,0,0,,
2016-05-22,15.2,0.96,0.37,239.557,4.68,3.65,12802.0,4.8,1.0299999999999998,,0,0,,
2016-05-29,13.12,0.95,0.37,239.557,4.68,3.65,12802.0,4.8,1.0299999999999998,,0,0,,
2016-06-05,13.47,0.93,0.38,240.222,4.53,3.5,12852.5,4.9,1.0300000000000002,,0,0,,
2016-06-12,17.03,0.91,0.38,240.222,4.53,3.5,12852.5,4.9,1.0300000000000002,,0,0,,
2016-06-19,19.41,0.92,0.38,240.222,4.53,3.5,12852.5,4.9,1.0300000000000002,,0,0,,
2016-06-26,25.76,0.93,0.38,240.222,4.53,3.5,12852.5,4.9,1.0300000000000002,,0,0,,
2016-07-03,14.77,0.87,0.39,240.101,4.22,3.28,12911.9,4.8,0.94,,0,0,,
2016-07-10,13.2,0.76,0.39,240.101,4.22,3.28,12911.9,4.8,0.94,,0,0,,
2016-07-17,12.67,0.89,0.39,240.101,4.22,3.28,12911.9,4.8,0.94,,0,0,,
2016-07-24,12.02,0.86,0.39,240.101,4.22,3.28,12911.9,4.8,0.94,,0,0,,
2016-07-31,11.87,0.79,0.39,240.101,4.22,3.28,12911.9,4.8,0.94,,0,0,,
2016-08-07,11.39,0.87,0.4,240.545,4.24,3.32,12989.7,4.9,0.9200000000000004,,0,0,,
2016-08-14,11.55,0.8,0.4,240.545,4.24,3.32,12989.7,4.9,0.9200000000000004,,0,0,,
2016-08-21,11.34,0.82,0.4,240.545,4.24,3.32,12989.7,4.9,0.9200000000000004,,0,0,,
2016-08-28,13.65,0.78,0.4,240.545,4.24,3.32,12989.7,4.9,0.9200000000000004,,0,0,,
2016-09-04,11.98,0.8,0.4,241.176,4.31,3.41,13054.9,5.0,0.8999999999999995,,0,0,,
2016-09-11,17.5,0.88,0.4,241.176,4.31,3.41,13054.9,5.0,0.8999999999999995,,0,0,,
2016-09-18,15.37,0.93,0.4,241.176,4.31,3.41,13054.9,5.0,0.8999999999999995,,0,0,,
2016-09-25,12.29,0.85,0.4,241.176,4.31,3.41,13054.9,5.0,0.8999999999999995,,0,0,,
2016-10-02,13.29,0.83,0.4,241.741,4.38,3.51,13122.8,4.9,0.8700000000000001,,0,0,,
2016-10-09,13.48,0.9,0.4,241.741,4.38,3.51,13122.8,4.9,0.8700000000000001,,0,0,,
2016-10-16,16.12,0.96,0.4,241.741,4.38,3.51,13122.8,4.9,0.8700000000000001,,0,0,,
2016-10-23,13.34,0.9,0.4,241.741,4.38,3.51,13122.8,4.9,0.8700000000000001,,0,0,,
2016-10-30,16.19,1.0,0.4,241.741,4.38,3.51,13122.8,4.9,0.8700000000000001,,0,0,,
2016-11-06,22.51,0.99,0.41,242.026,4.71,3.86,13208.7,4.7,0.8500000000000001,,0,0,,
2016-11-13,14.17,1.23,0.41,242.026,4.71,3.86,13208.7,4.7,0.8500000000000001,,0,0,,
2016-11-20,12.85,1.27,0.41,242.026,4.71,3.86,13208.7,4.7,0.8500000000000001,,0,0,,
2016-11-27,12.34,1.24,0.41,242.026,4.71,3.86,13208.7,4.7,0.8500000000000001,,0,0,,
2016-12-04,14.12,1.29,0.54,242.637,4.83,4.06,13234.9,4.7,0.7700000000000005,,0,0,,
2016-12-11,11.75,1.32,0.54,242.637,4.83,4.06,13234.9,4.7,0.7700000000000005,,0,0,,
2016-12-18,12.2,1.32,0.54,242.637,4.83,4.06,13234.9,4.7,0.7700000000000005,,0,0,,
2016-12-25,11.44,1.33,0.54,242.637,4.83,4.06,13234.9,4.7,0.7700000000000005,,0,0,,
2017-01-01,14.04,1.25,0.65,243.618,4.66,3.92,13315.7,4.7,0.7400000000000002,0.4807692307692308,0,0,2.5103933482571117,6.368175100850748
2017-01-08,11.32,1.2,0.65,243.618,4.66,3.92,13315.7,4.7,0.7400000000000002,0.019230769230769232,0,0,2.5103933482571117,6.368175100850748
2017-01-15,11.23,1.19,0.65,243.618,4.66,3.92,13315.7,4.7,0.7400000000000002,0.019230769230769232,0,0,2.5103933482571117,6.368175100850748
2017-01-22,11.54,1.28,0.65,243.618,4.66,3.92,13315.7,4.7,0.7400000000000002,0.11538461538461539,0,0,2.5103933482571117,6.368175100850748
2017-01-29,10.58,1.27,0.65,243.618,4.66,3.92,13315.7,4.7,0.7400000000000002,0.019230769230769232,0,0,2.5103933482571117,6.368175100850748
2017-02-05,10.97,1.28,0.66,244.006,4.64,3.95,13394.8,4.6,0.6899999999999995,0.038461538461538464,0,0,2.8103616813294208,6.275041852125129
2017-02-12,10.85,1.21,0.66,244.006,4.64,3.95,13394.8,4.6,0.6899999999999995,0.038461538461538464,0,0,2.8103616813294208,6.275041852125129
2017-02-19,11.49,1.21,0.66,244.006,4.64,3.95,13394.8,4.6,0.6899999999999995,0.17307692307692307,0,0,2.8103616813294208,6.275041852125129
2017-02-26,11.47,1.19,0.66,244.006,4.64,3.95,13394.8,4.6,0.6899999999999995,0.17307692307692307,0,0,2.8103616813294208,6.275041852125129
2017-03-05,10.96,1.17,0.79,243.892,4.68,4.01,13463.6,4.4,0.6699999999999999,0.057692307692307696,0,0,2.44119623655914,6.332432987410952
2017-03-12,11.66,1.22,0.79,243.892,4.68,4.01,13463.6,4.4,0.6699999999999999,0.2692307692307692,0,0,2.44119623655914,6.332432987410952
2017-03-19,11.28,1.17,0.79,243.892,4.68,4.01,13463.6,4.4,0.6699999999999999,0.11538461538461539,0,0,2.44119623655914,6.332432987410952
2017-03-26,12.96,1.14,0.79,243.892,4.68,4.01,13463.6,4.4,0.6699999999999999,0.4807692307692308,0,0,2.44119623655914,6.332432987410952
2017-04-02,12.37,1.13,0.9,244.193,4.57,3.87,13521.7,4.4,0.7000000000000002,0.4423076923076923,0,0,2.176223471915395,6.1091405612405
2017-04-09,12.87,1.09,0.9,244.193,4.57,3.87,13521.7,4.4,0.7000000000000002,0.5,0,0,2.176223471915395,6.1091405612405
2017-04-16,15.96,1.03,0.9,244.193,4.57,3.87,13521.7,4.4,0.7000000000000002,0.8653846153846154,0,0,2.176223471915395,6.1091405612405
2017-04-23,14.63,1.04,0.9,244.193,4.57,3.87,13521.7,4.4,0.7000000000000002,0.7307692307692307,0,0,2.176223471915395,6.1091405612405
2017-04-30,10.82,1.01,0.9,244.193,4.57,3.87,13521.7,4.4,0.7000000000000002,0.038461538461538464,0,0,1.935238794942351,5.621777847211384
2017-05-07,10.57,1.04,0.91,244.004,4.55,3.85,13568.9,4.4,0.6999999999999997,0.019230769230769232,0,0,1.8563431667619756,5.990470239025147
2017-05-14,10.4,1.04,0.91,244.004,4.55,3.85,13568.9,4.4,0.6999999999999997,0.019230769230769232,0,0,1.8563431667619756,5.990470239025147
2017-05-21,12.04,0.95,0.91,244.004,4.55,3.85,13568.9,4.4,0.6999999999999997,0.4423076923076923,0,0,1.8563431667619756,5.990470239025147
2017-05-28,9.81,0.95,0.91,244.004,4.55,3.85,13568.9,4.4,0.6999999999999997,0.019230769230769232,0,0,1.8563431667619756,5.990470239025147
2017-06-04,9.75,0.87,1.04,244.163,4.37,3.68,13580.5,4.3,0.69,0.019230769230769232,0,0,1.640565809959127,5.664267652207733
2017-06-11,10.7,0.86,1.04,244.163,4.37,3.68,13580.5,4.3,0.69,0.11538461538461539,0,0,1.640565809959127,5.664267652207733
2017-06-18,10.38,0.84,1.04,244.163,4.37,3.68,13580.5,4.3,0.69,0.057692307692307696,0,0,1.640565809959127,5.664267652207733
2017-06-25,10.02,0.81,1.04,244.163,4.37,3.68,13580.5,4.3,0.69,0.057692307692307696,0,0,1.640565809959127,5.664267652207733
2017-07-02,11.18,0.93,1.15,244.243,4.39,3.7,13643.1,4.3,0.6899999999999995,0.25,0,0,1.7251073506566073,5.662993052920173
2017-07-09,11.19,0.99,1.15,244.243,4.39,3.7,13643.1,4.3,0.6899999999999995,0.2692307692307692,0,0,1.7251073506566073,5.662993052920173
2017-07-16,9.51,0.98,1.15,244.243,4.39,3.7,13643.1,4.3,0.6899999999999995,0.019230769230769232,0,0,1.7251073506566073,5.662993052920173
2017-07-23,9.36,0.88,1.15,244.243,4.39,3.7,13643.1,4.3,0.6899999999999995,0.019230769230769232,0,0,1.7251073506566073,5.662993052920173
2017-07-30,10.29,0.96,1.15,244.243,4.39,3.7,13643.1,4.3,0.6899999999999995,0.11538461538461539,0,0,1.7251073506566073,5.662993052920173
2017-08-06,10.03,0.91,1.16,245.183,4.31,3.63,13697.7,4.4,0.6799999999999997,0.11538461538461539,0,0,1.92812155729698,5.450472297281683
2017-08-13,15.51,0.89,1.16,245.183,4.31,3.63,13697.7,4.4,0.6799999999999997,0.9038461538461539,0,0,1.92812155729698,5.450472297281683
2017-08-20,14.26,0.86,1.16,245.183,4.31,3.63,13697.7,4.4,0.6799999999999997,0.8461538461538461,0,0,1.92812155729698,5.450472297281683
2017-08-27,11.28,0.82,1.16,245.183,4.31,3.63,13697.7,4.4,0.6799999999999997,0.3942307692307692,0,0,1.92812155729698,5.450472297281683
2017-09-03,10.13,0.81,1.15,246.435,4.3,3.63,13745.1,4.3,0.6699999999999999,0.1346153846153846,0,0,2.1805652303711787,5.2869037679338815
2017-09-10,12.12,0.79,1.15,246.435,4.3,3.63,13745.1,4.3,0.6699999999999999,0.5961538461538461,0,0,2.1805652303711787,5.2869037679338815
2017-09-17,10.17,0.81,1.15,246.435,4.3,3.63,13745.1,4.3,0.6699999999999999,0.15384615384615385,0,0,2.1805652303711787,5.2869037679338815
2017-09-24,9.59,0.8,1.15,246.435,4.3,3.63,13745.1,4.3,0.6699999999999999,0.057692307692307696,0,0,2.1805652303711787,5.2869037679338815
2017-10-01,9.51,0.86,1.15,246.626,4.32,3.6,13800.1,4.2,0.7200000000000002,0.04807692307692308,0,0,2.020757753132485,5.161246075532677
2017-10-08,9.65,0.83,1.15,246.626,4.32,3.6,13800.1,4.2,0.7200000000000002,0.09615384615384616,0,0,2.020757753132485,5.161246075532677
2017-10-15,9.61,0.77,1.15,246.626,4.32,3.6,13800.1,4.2,0.7200000000000002,0.09615384615384616,0,0,2.020757753132485,5.161246075532677
2017-10-22,9.97,0.79,1.15,246.626,4.32,3.6,13800.1,4.2,0.7200000000000002,0.17307692307692307,0,0,2.020757753132485,5.161246075532677
2017-10-29,9.8,0.83,1.15,246.626,4.32,3.6,13800.1,4.2,0.7200000000000002,0.15384615384615385,0,0,2.020757753132485,5.161246075532677
2017-11-05,9.14,0.71,1.16,247.284,4.27,3.57,13843.5,4.2,0.6999999999999997,0.019230769230769232,0,0,2.172493864295566,4.805923368688814
2017-11-12,11.29,0.73,1.16,247.284,4.27,3.57,13843.5,4.2,0.6999999999999997,0.5961538461538461,0,0,2.172493864295566,4.805923368688814
2017-11-19,11.43,0.62,1.16,247.284,4.27,3.57,13843.5,4.2,0.6999999999999997,0.6346153846153846,0,0,2.172493864295566,4.805923368688814
2017-11-26,9.67,0.59,1.16,247.284,4.27,3.57,13843.5,4.2,0.6999999999999997,0.15384615384615385,0,0,2.172493864295566,4.805923368688814
2017-12-03,11.43,0.59,1.3,247.805,4.22,3.51,13881.7,4.1,0.71,0.6634615384615384,0,0,2.129930719552253,4.887078859681604
2017-12-10,9.58,0.58,1.3,247.805,4.22,3.51,13881.7,4.1,0.71,0.09615384615384616,0,0,2.129930719552253,4.887078859681604
2017-12-17,9.42,0.51,1.3,247.805,4.22,3.51,13881.7,4.1,0.71,0.057692307692307696,0,0,2.129930719552253,4.887078859681604
2017-12-24,9.9,0.57,1.3,247.805,4.22,3.51,13881.7,4.1,0.71,0.2692307692307692,0,0,2.129930719552253,4.887078859681604
2017-12-31,11.04,0.51,1.3,247.805,4.22,3.51,13881.7,4.1,0.71,0.5769230769230769,0,0,1.7186743179896435,4.250621446863478
2018-01-07,9.22,0.51,1.41,248.859,4.26,3.55,13900.3,4.0,0.71,0.038461538461538464,0,0,2.151318868063945,4.3903061799229315
2018-01-14,10.16,0.56,1.41,248.859,4.26,3.55,13900.3,4.0,0.71,0.38461538461538464,0,0,2.151318868063945,4.3903061799229315
2018-01-21,11.27,0.58,1.41,248.859,4.26,3.55,13900.3,4.0,0.71,0.6730769230769231,0,0,2.151318868063945,4.3903061799229315
2018-01-28,11.08,0.53,1.41,248.859,4.26,3.55,13900.3,4.0,0.71,0.6153846153846154,0,0,2.151318868063945,4.3903061799229315
2018-02-04,17.31,0.69,1.42,249.529,4.51,3.82,13949.3,4.1,0.69,1.0,1,0,2.263468931091861,4.139666139098752
2018-02-11,29.06,0.78,1.42,249.529,4.51,3.82,13949.3,4.1,0.69,1.0,1,0,2.263468931091861,4.139666139098752
2018-02-18,19.46,0.66,1.42,249.529,4.51,3.82,13949.3,4.1,0.69,0.9807692307692307,1,0,2.263468931091861,4.139666139098752
2018-02-25,16.49,0.63,1.42,249.529,4.51,3.82,13949.3,4.1,0.69,0.9423076923076923,0,0,2.263468931091861,4.139666139098752
2018-03-04,19.59,0.61,1.51,249.577,4.64,3.87,14012.7,4.0,0.7699999999999996,0.9807692307692307,1,0,2.3309497646499366,4.078403992988511
2018-03-11,14.64,0.63,1.51,249.577,4.64,3.87,14012.7,4.0,0.7699999999999996,0.8653846153846154,0,0,2.3309497646499366,4.078403992988511
2018-03-18,15.8,0.54,1.51,249.577,4.64,3.87,14012.7,4.0,0.7699999999999996,0.8846153846153846,0,0,2.3309497646499366,4.078403992988511
2018-03-25,24.87,0.54,1.51,249.577,4.64,3.87,14012.7,4.0,0.7699999999999996,0.9807692307692307,1,0,2.3309497646499366,4.078403992988511
2018-04-01,19.97,0.47,1.69,250.227,4.67,3.85,14035.9,4.0,0.8199999999999998,0.9615384615384616,1,0,2.4709963021052994,3.802776278130704
2018-04-08,21.49,0.5,1.69,250.227,4.67,3.85,14035.9,4.0,0.8199999999999998,0.9615384615384616,1,0,2.4709963021052994,3.802776278130704
2018-04-15,17.41,0.45,1.69,250.227,4.67,3.85,14035.9,4.0,0.8199999999999998,0.8846153846153846,0,0,2.4709963021052994,3.802776278130704
2018-04-22,16.88,0.5,1.69,250.227,4.67,3.85,14035.9,4.0,0.8199999999999998,0.8461538461538461,0,0,2.4709963021052994,3.802776278130704
2018-04-29,15.41,0.47,1.69,250.227,4.67,3.85,14035.9,4.0,0.8199999999999998,0.7692307692307693,0,0,2.4709963021052994,3.802776278130704
2018-05-06,14.77,0.44,1.7,250.792,4.83,4.0,14092.4,3.8,0.8300000000000001,0.75,0,0,2.781921607842497,3.858087243623287
2018-05-13,12.65,0.43,1.7,250.792,4.83,4.0,14092.4,3.8,0.8300000000000001,0.6923076923076923,0,0,2.781921607842497,3.858087243623287
2018-05-20,13.42,0.51,1.7,250.792,4.83,4.0,14092.4,3.8,0.8300000000000001,0.6923076923076923,0,0,2.781921607842497,3.858087243623287
2018-05-27,13.22,0.45,1.7,250.792,4.83,4.0,14092.4,3.8,0.8300000000000001,0.6730769230769231,0,0,2.781921607842497,3.858087243623287
2018-06-03,13.46,0.42,1.82,251.018,4.83,3.96,14137.2,4.0,0.8700000000000001,0.6923076923076923,0,0,2.8075506935940187,4.099259968336955
2018-06-10,12.18,0.43,1.82,251.018,4.83,3.96,14137.2,4.0,0.8700000000000001,0.6153846153846154,0,0,2.8075506935940187,4.099259968336955
2018-06-17,11.98,0.38,1.82,251.018,4.83,3.96,14137.2,4.0,0.8700000000000001,0.5769230769230769,0,0,2.8075506935940187,4.099259968336955
2018-06-24,13.77,0.34,1.82,251.018,4.83,3.96,14137.2,4.0,0.8700000000000001,0.6923076923076923,0,0,2.8075506935940187,4.099259968336955
2018-07-01,16.09,0.33,1.91,251.214,4.79,3.87,14174.6,3.8,0.9199999999999999,0.8076923076923077,0,0,2.854124785561929,3.8957421700346773
2018-07-08,13.37,0.29,1.91,251.214,4.79,3.87,14174.6,3.8,0.9199999999999999,0.6153846153846154,0,0,2.854124785561929,3.8957421700346773
2018-07-15,12.18,0.24,1.91,251.214,4.79,3.87,14174.6,3.8,0.9199999999999999,0.5480769230769231,0,0,2.854124785561929,3.8957421700346773
2018-07-22,12.86,0.29,1.91,251.214,4.79,3.87,14174.6,3.8,0.9199999999999999,0.5769230769230769,0,0,2.854124785561929,3.8957421700346773
2018-07-29,13.03,0.29,1.91,251.214,4.79,3.87,14174.6,3.8,0.9199999999999999,0.5769230769230769,0,0,2.854124785561929,3.8957421700346773
2018-08-05,11.64,0.32,1.91,251.663,4.77,3.88,14223.2,3.8,0.8899999999999997,0.4423076923076923,0,0,2.6429238568742575,3.836410492272435
2018-08-12,13.16,0.26,1.91,251.663,4.77,3.88,14223.2,3.8,0.8899999999999997,0.5961538461538461,0,0,2.6429238568742575,3.836410492272435
2018-08-19,12.64,0.26,1.91,251.663,4.77,3.88,14223.2,3.8,0.8899999999999997,0.5384615384615384,0,0,2.6429238568742575,3.836410492272435
2018-08-26,11.99,0.19,1.91,251.663,4.77,3.88,14223.2,3.8,0.8899999999999997,0.46153846153846156,0,0,2.6429238568742575,3.836410492272435
2018-09-02,12.86,0.24,1.95,252.182,4.88,3.98,14245.5,3.7,0.8999999999999999,0.5673076923076923,0,0,2.332055105808828,3.6405700940698837
2018-09-09,14.88,0.23,1.95,252.182,4.88,3.98,14245.5,3.7,0.8999999999999999,0.75,0,0,2.332055105808828,3.6405700940698837
2018-09-16,12.07,0.21,1.95,252.182,4.88,3.98,14245.5,3.7,0.8999999999999999,0.4423076923076923,0,0,2.332055105808828,3.6405700940698837
2018-09-23,11.68,0.26,1.95,252.182,4.88,3.98,14245.5,3.7,0.8999999999999999,0.38461538461538464,0,0,2.332055105808828,3.6405700940698837
2018-09-30,12.12,0.24,1.95,252.182,4.88,3.98,14245.5,3.7,0.8999999999999999,0.4423076923076923,0,0,2.2528038406331774,3.2275128441098255
2018-10-07,14.82,0.35,2.19,252.772,5.07,4.14,14256.6,3.8,0.9300000000000006,0.7307692307692307,0,0,2.492032470218053,3.307947043861992
2018-10-14,21.31,0.3,2.19,252.772,5.07,4.14,14256.6,3.8,0.9300000000000006,0.9423076923076923,1,0,2.492032470218053,3.307947043861992
2018-10-21,19.89,0.28,2.19,252.772,5.07,4.14,14256.6,3.8,0.9300000000000006,0.9038461538461539,0,0,2.492032470218053,3.307947043861992
2018-10-28,24.16,0.27,2.19,252.772,5.07,4.14,14256.6,3.8,0.9300000000000006,0.9615384615384616,1,0,2.492032470218053,3.307947043861992
2018-11-04,19.51,0.31,2.2,252.594,5.22,4.22,14282.8,3.8,1.0,0.8461538461538461,0,0,2.147328577667773,3.173330443890632
2018-11-11,17.36,0.25,2.2,252.594,5.22,4.22,14282.8,3.8,1.0,0.7884615384615384,0,0,2.147328577667773,3.173330443890632
2018-11-18,18.14,0.27,2.2,252.594,5.22,4.22,14282.8,3.8,1.0,0.8076923076923077,0,0,2.147328577667773,3.173330443890632
2018-11-25,21.52,0.24,2.2,252.594,5.22,4.22,14282.8,3.8,1.0,0.9423076923076923,0,0,2.147328577667773,3.173330443890632
2018-12-02,18.07,0.21,2.27,252.767,5.13,4.02,14386.8,3.9,1.1100000000000003,0.7692307692307693,0,0,2.0023809043401064,3.6386033410893415
2018-12-09,23.23,0.13,2.27,252.767,5.13,4.02,14386.8,3.9,1.1100000000000003,0.9423076923076923,1,0,2.0023809043401064,3.6386033410893415
2018-12-16,21.63,0.16,2.27,252.767,5.13,4.02,14386.8,3.9,1.1100000000000003,0.9230769230769231,0,0,2.0023809043401064,3.6386033410893415
2018-12-23,30.11,0.16,2.27,252.767,5.13,4.02,14386.8,3.9,1.1100000000000003,1.0,1,0,2.0023809043401064,3.6386033410893415
2018-12-30,28.34,0.2,2.27,252.767,5.13,4.02,14386.8,3.9,1.1100000000000003,0.9615384615384616,1,0,2.0023809043401064,3.6386033410893415
2019-01-06,21.38,0.17,2.4,252.561,5.12,3.93,14459.7,4.0,1.19,0.8269230769230769,0,0,1.4875893578291333,4.02437357467107
2019-01-13,18.19,0.16,2.4,252.561,5.12,3.93,14459.7,4.0,1.19,0.6923076923076923,0,0,1.4875893578291333,4.02437357467107
2019-01-20,17.8,0.17,2.4,252.561,5.12,3.93,14459.7,4.0,1.19,0.6346153846153846,0,0,1.4875893578291333,4.02437357467107
2019-01-27,17.42,0.16,2.4,252.561,5.12,3.93,14459.7,4.0,1.19,0.6153846153846154,0,0,1.4875893578291333,4.02437357467107
2019-02-03,16.14,0.18,2.4,253.319,4.95,3.79,14506.3,3.8,1.1600000000000001,0.5192307692307693,0,0,1.5188615351321877,3.993031908411182
2019-02-10,15.72,0.18,2.4,253.319,4.95,3.79,14506.3,3.8,1.1600000000000001,0.4807692307692308,0,0,1.5188615351321877,3.993031908411182
2019-02-17,14.91,0.14,2.4,253.319,4.95,3.79,14506.3,3.8,1.1600000000000001,0.46153846153846156,0,0,1.5188615351321877,3.993031908411182
2019-02-24,13.51,0.17,2.4,253.319,4.95,3.79,14506.3,3.8,1.1600000000000001,0.36538461538461536,0,0,1.5188615351321877,3.993031908411182
2019-03-03,13.57,0.21,2.41,254.277,4.84,3.77,14557.5,3.8,1.0699999999999998,0.38461538461538464,0,0,1.8831863513063984,3.8879016891819607
2019-03-10,16.05,0.17,2.41,254.277,4.84,3.77,14557.5,3.8,1.0699999999999998,0.5576923076923077,0,0,1.8831863513063984,3.8879016891819607
2019-03-17,12.88,0.16,2.41,254.277,4.84,3.77,14557.5,3.8,1.0699999999999998,0.25,0,0,1.8831863513063984,3.8879016891819607
2019-03-24,16.48,0.13,2.41,254.277,4.84,3.77,14557.5,3.8,1.0699999999999998,0.6153846153846154,0,0,1.8831863513063984,3.8879016891819607
2019-03-31,13.71,0.14,2.41,254.277,4.84,3.77,14557.5,3.8,1.0699999999999998,0.4230769230769231,0,0,1.618530374420013,3.7161849257974167
2019-04-07,12.82,0.15,2.42,255.233,4.7,3.69,14594.7,3.7,1.0100000000000002,0.21153846153846154,0,0,2.000583470209061,3.981219586916418
2019-04-14,12.01,0.16,2.42,255.233,4.7,3.69,14594.7,3.7,1.0100000000000002,0.09615384615384616,0,0,2.000583470209061,3.981219586916418
2019-04-21,12.09,0.19,2.42,255.233,4.7,3.69,14594.7,3.7,1.0100000000000002,0.1346153846153846,0,0,2.000583470209061,3.981219586916418
2019-04-28,12.73,0.23,2.42,255.233,4.7,3.69,14594.7,3.7,1.0100000000000002,0.25,0,0,2.000583470209061,3.981219586916418
2019-05-05,12.87,0.21,2.39,255.296,4.63,3.67,14704.4,3.6,0.96,0.3269230769230769,0,0,1.7959105553606136,4.342766313757762
2019-05-12,16.04,0.21,2.39,255.296,4.63,3.67,14704.4,3.6,0.96,0.6153846153846154,0,0,1.7959105553606136,4.342766313757762
2019-05-19,15.96,0.19,2.39,255.296,4.63,3.67,14704.4,3.6,0.96,0.5961538461538461,0,0,1.7959105553606136,4.342766313757762
2019-05-26,15.85,0.16,2.39,255.296,4.63,3.67,14704.4,3.6,0.96,0.5769230769230769,0,0,1.7959105553606136,4.342766313757762
2019-06-02,18.71,0.19,2.38,255.213,4.46,3.42,14802.8,3.6,1.04,0.8076923076923077,0,0,1.671194894390049,4.708145884616455
2019-06-09,16.3,0.24,2.38,255.213,4.46,3.42,14802.8,3.6,1.04,0.6538461538461539,0,0,1.671194894390049,4.708145884616455
2019-06-16,15.28,0.25,2.38,255.213,4.46,3.42,14802.8,3.6,1.04,0.5,0,0,1.671194894390049,4.708145884616455
2019-06-23,15.4,0.3,2.38,255.213,4.46,3.42,14802.8,3.6,1.04,0.5,0,0,1.671194894390049,4.708145884616455
2019-06-30,15.08,0.25,2.38,255.213,4.46,3.42,14802.8,3.6,1.04,0.4807692307692308,0,0,1.5918698798633724,4.431871093364181
2019-07-07,13.28,0.17,2.4,255.802,4.28,3.29,14886.8,3.7,0.9900000000000002,0.34615384615384615,0,0,1.826331335037068,5.024480408618226
2019-07-14,12.39,0.28,2.4,255.802,4.28,3.29,14886.8,3.7,0.9900000000000002,0.15384615384615385,0,0,1.826331335037068,5.024480408618226
2019-07-21,14.45,0.25,2.4,255.802,4.28,3.29,14886.8,3.7,0.9900000000000002,0.40384615384615385,0,0,1.826331335037068,5.024480408618226
2019-07-28,12.16,0.22,2.4,255.802,4.28,3.29,14886.8,3.7,0.9900000000000002,0.15384615384615385,0,0,1.826331335037068,5.024480408618226
2019-08-04,17.61,0.14,2.13,256.036,3.87,2.98,14974.4,3.6,0.8900000000000001,0.7115384615384616,0,0,1.7376412106666406,5.281511896057145
2019-08-11,17.97,0.11,2.13,256.036,3.87,2.98,14974.4,3.6,0.8900000000000001,0.7307692307692307,0,0,1.7376412106666406,5.281511896057145
2019-08-18,18.47,0.07,2.13,256.036,3.87,2.98,14974.4,3.6,0.8900000000000001,0.7884615384615384,0,0,1.7376412106666406,5.281511896057145
2019-08-25,19.87,0.01,2.13,256.036,3.87,2.98,14974.4,3.6,0.8900000000000001,0.8269230769230769,0,0,1.7376412106666406,5.281511896057145
2019-09-01,18.98,0.0,2.04,256.43,3.91,3.03,15047.0,3.5,0.8800000000000003,0.7884615384615384,0,0,1.6844977040391562,5.626338141869369
2019-09-08,15.0,0.02,2.04,256.43,3.91,3.03,15047.0,3.5,0.8800000000000003,0.36538461538461536,0,0,1.6844977040391562,5.626338141869369
2019-09-15,13.74,0.11,2.04,256.43,3.91,3.03,15047.0,3.5,0.8800000000000003,0.28846153846153844,0,0,1.6844977040391562,5.626338141869369
2019-09-22,15.32,0.05,2.04,256.43,3.91,3.03,15047.0,3.5,0.8800000000000003,0.40384615384615385,0,0,1.6844977040391562,5.626338141869369
2019-09-29,17.22,0.06,2.04,256.43,3.91,3.03,15047.0,3.5,0.8800000000000003,0.5769230769230769,0,0,1.6844977040391562,5.626338141869369
2019-10-06,17.04,0.12,1.83,257.155,3.92,3.01,15184.1,3.6,0.9100000000000001,0.5576923076923077,0,0,1.7339736996186295,6.50575873630459
2019-10-13,15.58,0.13,1.83,257.155,3.92,3.01,15184.1,3.6,0.9100000000000001,0.40384615384615385,0,0,1.7339736996186295,6.50575873630459
2019-10-20,14.25,0.18,1.83,257.155,3.92,3.01,15184.1,3.6,0.9100000000000001,0.2692307692307692,0,0,1.7339736996186295,6.50575873630459
2019-10-27,12.65,0.17,1.83,257.155,3.92,3.01,15184.1,3.6,0.9100000000000001,0.09615384615384616,0,0,1.7339736996186295,6.50575873630459
2019-11-03,12.3,0.17,1.55,257.879,3.94,3.06,15296.0,3.6,0.8799999999999999,0.07692307692307693,0,0,2.092290394862917,7.0938471448175555
2019-11-10,12.07,0.26,1.55,257.879,3.94,3.06,15296.0,3.6,0.8799999999999999,0.038461538461538464,0,0,2.092290394862917,7.0938471448175555
2019-11-17,12.05,0.23,1.55,257.879,3.94,3.06,15296.0,3.6,0.8799999999999999,0.038461538461538464,0,0,2.092290394862917,7.0938471448175555
2019-11-24,12.34,0.16,1.55,257.879,3.94,3.06,15296.0,3.6,0.8799999999999999,0.1346153846153846,0,0,2.092290394862917,7.0938471448175555
2019-12-01,12.62,0.17,1.55,258.63,3.88,3.01,15347.5,3.6,0.8700000000000001,0.17307692307692307,0,0,2.3195274699624457,6.677648955987436
2019-12-08,13.62,0.23,1.55,258.63,3.88,3.01,15347.5,3.6,0.8700000000000001,0.34615384615384615,0,0,2.3195274699624457,6.677648955987436
2019-12-15,12.63,0.21,1.55,258.63,3.88,3.01,15347.5,3.6,0.8700000000000001,0.19230769230769232,0,0,2.3195274699624457,6.677648955987436
2019-12-22,12.51,0.29,1.55,258.63,3.88,3.01,15347.5,3.6,0.8700000000000001,0.17307692307692307,0,0,2.3195274699624457,6.677648955987436
2019-12-29,13.43,0.29,1.55,258.63,3.88,3.01,15347.5,3.6,0.8700000000000001,0.34615384615384615,0,0,2.3195274699624457,6.677648955987436
2020-01-05,14.02,0.27,1.55,259.127,3.77,2.94,15427.1,3.6,0.8300000000000001,0.46153846153846156,0,0,2.599767976845202,6.690318609653034
2020-01-12,12.56,0.27,1.55,259.127,3.77,2.94,15427.1,3.6,0.8300000000000001,0.19230769230769232,0,0,2.599767976845202,6.690318609653034
2020-01-19,12.1,0.26,1.55,259.127,3.77,2.94,15427.1,3.6,0.8300000000000001,0.09615384615384616,0,0,2.599767976845202,6.690318609653034
2020-01-26,14.56,0.21,1.55,259.127,3.77,2.94,15427.1,3.6,0.8300000000000001,0.5576923076923077,0,0,2.599767976845202,6.690318609653034
2020-02-02,18.84,0.18,1.58,259.25,3.61,2.78,15493.4,3.5,0.8300000000000001,0.9615384615384616,0,0,2.3413166797595197,6.804629712607624
2020-02-09,15.47,0.18,1.58,259.25,3.61,2.78,15493.4,3.5,0.8300000000000001,0.6923076923076923,0,0,2.3413166797595197,6.804629712607624
2020-02-16,13.68,0.17,1.58,259.25,3.61,2.78,15493.4,3.5,0.8300000000000001,0.46153846153846156,0,0,2.3413166797595197,6.804629712607624
2020-02-23,17.08,0.12,1.58,259.25,3.61,2.78,15493.4,3.5,0.8300000000000001,0.8461538461538461,0,0,2.3413166797595197,6.804629712607624
2020-03-01,40.11,0.27,0.65,258.076,4.29,3.02,16033.0,4.4,1.27,1.0,1,0,1.4940399642909163,10.135668899192861
2020-03-08,41.94,0.25,0.65,258.076,4.29,3.02,16033.0,4.4,1.27,1.0,1,0,1.4940399642909163,10.135668899192861
2020-03-15,57.83,0.45,0.65,258.076,4.29,3.02,16033.0,4.4,1.27,1.0,1,0,1.4940399642909163,10.135668899192861
2020-03-22,66.04,0.55,0.65,258.076,4.29,3.02,16033.0,4.4,1.27,1.0,1,0,1.4940399642909163,10.135668899192861
2020-03-29,65.54,0.47,0.65,258.076,4.29,3.02,16033.0,4.4,1.27,0.9807692307692307,1,0,1.4940399642909163,10.135668899192861
2020-04-05,46.8,0.39,0.05,256.032,4.13,2.43,17065.3,14.8,1.6999999999999997,0.9423076923076923,1,0,0.3130472940411133,16.928062926952926
2020-04-12,41.67,0.5,0.05,256.032,4.13,2.43,17065.3,14.8,1.6999999999999997,0.9038461538461539,1,0,0.3130472940411133,16.928062926952926
2020-04-19,38.15,0.45,0.05,256.032,4.13,2.43,17065.3,14.8,1.6999999999999997,0.8653846153846154,1,0,0.3130472940411133,16.928062926952926
2020-04-26,35.93,0.38,0.05,256.032,4.13,2.43,17065.3,14.8,1.6999999999999997,0.8461538461538461,1,0,0.3130472940411133,16.928062926952926
2020-05-03,37.19,0.44,0.05,255.802,3.95,2.5,17932.9,13.2,1.4500000000000002,0.8461538461538461,1,0,0.1982013035848551,21.956013166127164
2020-05-10,27.98,0.53,0.05,255.802,3.95,2.5,17932.9,13.2,1.4500000000000002,0.8076923076923077,0,0,0.1982013035848551,21.956013166127164
2020-05-17,31.89,0.48,0.05,255.802,3.95,2.5,17932.9,13.2,1.4500000000000002,0.8076923076923077,0,0,0.1982013035848551,21.956013166127164
2020-05-24,28.16,0.49,0.05,255.802,3.95,2.5,17932.9,13.2,1.4500000000000002,0.7884615384615384,0,0,0.1982013035848551,21.956013166127164
2020-05-31,27.51,0.49,0.05,255.802,3.95,2.5,17932.9,13.2,1.4500000000000002,0.75,0,0,0.23078761661827762,21.145323857648577
2020-06-07,24.52,0.69,0.08,257.042,3.64,2.44,18184.3,11.0,1.2000000000000002,0.7307692307692307,0,0,0.7166562831830481,22.843651201124104
2020-06-14,36.09,0.52,0.08,257.042,3.64,2.44,18184.3,11.0,1.2000000000000002,0.8269230769230769,1,0,0.7166562831830481,22.843651201124104
2020-06-21,35.12,0.51,0.08,257.042,3.64,2.44,18184.3,11.0,1.2000000000000002,0.7884615384615384,1,0,0.7166562831830481,22.843651201124104
2020-06-28,34.73,0.47,0.08,257.042,3.64,2.44,18184.3,11.0,1.2000000000000002,0.7692307692307693,0,0,0.7166562831830481,22.843651201124104
2020-07-05,27.68,0.52,0.09,258.352,3.31,2.14,18335.4,10.2,1.17,0.6923076923076923,0,0,0.9968647625897997,23.165488889485996
2020-07-12,27.29,0.49,0.09,258.352,3.31,2.14,18335.4,10.2,1.17,0.6538461538461539,0,0,0.9968647625897997,23.165488889485996
2020-07-19,25.68,0.5,0.09,258.352,3.31,2.14,18335.4,10.2,1.17,0.6346153846153846,0,0,0.9968647625897997,23.165488889485996
2020-07-26,25.84,0.45,0.09,258.352,3.31,2.14,18335.4,10.2,1.17,0.6346153846153846,0,0,0.9968647625897997,23.165488889485996
2020-08-02,24.46,0.44,0.1,259.316,3.27,2.25,18411.2,8.4,1.02,0.5769230769230769,0,0,1.2810698495523853,22.95116999679454
2020-08-09,22.21,0.44,0.1,259.316,3.27,2.25,18411.2,8.4,1.02,0.5576923076923077,0,0,1.2810698495523853,22.95116999679454
2020-08-16,22.05,0.57,0.1,259.316,3.27,2.25,18411.2,8.4,1.02,0.5384615384615384,0,0,1.2810698495523853,22.95116999679454
2020-08-23,22.54,0.48,0.1,259.316,3.27,2.25,18411.2,8.4,1.02,0.5576923076923077,0,0,1.2810698495523853,22.95116999679454
2020-08-30,22.96,0.6,0.1,259.316,3.27,2.25,18411.2,8.4,1.02,0.5576923076923077,0,0,1.1254533400927969,22.35794510533662
2020-09-06,30.75,0.58,0.09,259.997,3.36,2.31,18602.5,7.8,1.0499999999999998,0.7307692307692307,0,0,1.3910228912373812,23.629294876055027
2020-09-13,26.87,0.54,0.09,259.997,3.36,2.31,18602.5,7.8,1.0499999999999998,0.6153846153846154,0,0,1.3910228912373812,23.629294876055027
2020-09-20,25.83,0.56,0.09,259.997,3.36,2.31,18602.5,7.8,1.0499999999999998,0.5769230769230769,0,0,1.3910228912373812,23.629294876055027
2020-09-27,26.38,0.54,0.09,259.997,3.36,2.31,18602.5,7.8,1.0499999999999998,0.5961538461538461,0,0,1.3910228912373812,23.629294876055027
2020-10-04,27.63,0.57,0.09,260.319,3.44,2.35,18757.6,6.9,1.0899999999999999,0.6538461538461539,0,0,1.2303863428671624,23.53448673283236
2020-10-11,25.0,0.63,0.09,260.319,3.44,2.35,18757.6,6.9,1.0899999999999999,0.5,0,0,1.2303863428671624,23.53448673283236
2020-10-18,27.41,0.62,0.09,260.319,3.44,2.35,18757.6,6.9,1.0899999999999999,0.6153846153846154,0,0,1.2303863428671624,23.53448673283236
2020-10-25,27.55,0.67,0.09,260.319,3.44,2.35,18757.6,6.9,1.0899999999999999,0.6346153846153846,0,0,1.2303863428671624,23.53448673283236
2020-11-01,38.02,0.74,0.09,260.911,3.3,2.3,18997.0,6.7,1.0,0.8461538461538461,0,0,1.1757452138405844,24.195868200836813
2020-11-08,24.86,0.67,0.09,260.911,3.3,2.3,18997.0,6.7,1.0,0.4230769230769231,0,0,1.1757452138405844,24.195868200836813
2020-11-15,23.1,0.72,0.09,260.911,3.3,2.3,18997.0,6.7,1.0,0.36538461538461536,0,0,1.1757452138405844,24.195868200836813
2020-11-22,23.7,0.67,0.09,260.911,3.3,2.3,18997.0,6.7,1.0,0.36538461538461536,0,0,1.1757452138405844,24.195868200836813
2020-11-29,20.84,0.68,0.09,260.911,3.3,2.3,18997.0,6.7,1.0,0.25,0,0,0.8819549162896845,23.779117120052117
2020-12-06,20.79,0.81,0.09,262.045,3.16,2.26,19115.7,6.7,0.9000000000000004,0.23076923076923078,0,0,1.3204191315779434,24.552532985828314
2020-12-13,23.31,0.79,0.09,262.045,3.16,2.26,19115.7,6.7,0.9000000000000004,0.34615384615384615,0,0,1.3204191315779434,24.552532985828314
2020-12-20,21.57,0.82,0.09,262.045,3.16,2.26,19115.7,6.7,0.9000000000000004,0.23076923076923078,0,0,1.3204191315779434,24.552532985828314
2020-12-27,21.53,0.81,0.09,262.045,3.16,2.26,19115.7,6.7,0.9000000000000004,0.21153846153846154,0,0,1.3204191315779434,24.552532985828314
2021-01-03,22.75,0.8,0.09,262.687,3.24,2.45,19379.0,6.4,0.79,0.28846153846153844,0,0,1.3738437137002402,25.61660973222446
2021-01-10,21.56,0.99,0.09,262.687,3.24,2.45,19379.0,6.4,0.79,0.19230769230769232,0,0,1.3738437137002402,25.61660973222446
2021-01-17,24.34,0.98,0.09,262.687,3.24,2.45,19379.0,6.4,0.79,0.36538461538461536,0,0,1.3738437137002402,25.61660973222446
2021-01-24,21.91,0.97,0.09,262.687,3.24,2.45,19379.0,6.4,0.79,0.19230769230769232,0,0,1.3738437137002402,25.61660973222446
2021-01-31,33.09,1.0,0.09,262.687,3.24,2.45,19379.0,6.4,0.79,0.7307692307692307,0,0,1.325747348119588,25.079065924845413
2021-02-07,20.87,1.1,0.08,263.579,3.42,2.7,19641.8,6.2,0.7199999999999998,0.09615384615384616,0,0,1.6698167791706853,26.775272051325082
2021-02-14,19.97,1.09,0.08,263.579,3.42,2.7,19641.8,6.2,0.7199999999999998,0.038461538461538464,0,0,1.6698167791706853,26.775272051325082
2021-02-21,22.05,1.23,0.08,263.579,3.42,2.7,19641.8,6.2,0.7199999999999998,0.18269230769230768,0,0,1.6698167791706853,26.775272051325082
2021-02-28,27.95,1.3,0.08,263.579,3.42,2.7,19641.8,6.2,0.7199999999999998,0.6538461538461539,0,0,2.1323176118662746,22.508576061872375
2021-03-07,24.66,1.42,0.07,264.961,3.74,3.04,19873.2,6.1,0.7000000000000002,0.40384615384615385,0,0,2.6678187820641908,23.95184931079648
2021-03-14,20.69,1.5,0.07,264.961,3.74,3.04,19873.2,6.1,0.7000000000000002,0.038461538461538464,0,0,2.6678187820641908,23.95184931079648
2021-03-21,20.95,1.58,0.07,264.961,3.74,3.04,19873.2,6.1,0.7000000000000002,0.11538461538461539,0,0,2.6678187820641908,23.95184931079648
2021-03-28,18.86,1.53,0.07,264.961,3.74,3.04,19873.2,6.1,0.7000000000000002,0.019230769230769232,0,0,2.6678187820641908,23.95184931079648
2021-04-04,17.33,1.53,0.07,266.614,3.6,2.9,20176.9,6.1,0.7000000000000002,0.019230769230769232,0,0,4.133077115360573,18.233491353799835
2021-04-11,16.69,1.51,0.07,266.614,3.6,2.9,20176.9,6.1,0.7000000000000002,0.019230769230769232,0,0,4.133077115360573,18.233491353799835
2021-04-18,16.25,1.43,0.07,266.614,3.6,2.9,20176.9,6.1,0.7000000000000002,0.019230769230769232,0,0,4.133077115360573,18.233491353799835
2021-04-25,17.33,1.42,0.07,266.614,3.6,2.9,20176.9,6.1,0.7000000000000002,0.0673076923076923,0,0,4.133077115360573,18.233491353799835
2021-05-02,18.61,1.49,0.06,268.383,3.62,2.96,20460.4,5.8,0.6600000000000001,0.09615384615384616,0,0,4.918257089467626,14.094206737337522
2021-05-09,16.69,1.46,0.06,268.383,3.62,2.96,20460.4,5.8,0.6600000000000001,0.04807692307692308,0,0,4.918257089467626,14.094206737337522
2021-05-16,18.81,1.47,0.06,268.383,3.62,2.96,20460.4,5.8,0.6600000000000001,0.1346153846153846,0,0,4.918257089467626,14.094206737337522
2021-05-23,20.15,1.46,0.06,268.383,3.62,2.96,20460.4,5.8,0.6600000000000001,0.19230769230769232,0,0,4.918257089467626,14.094206737337522
2021-05-30,16.76,1.44,0.06,268.383,3.62,2.96,20460.4,5.8,0.6600000000000001,0.07692307692307693,0,0,4.918257089467626,14.094206737337522
2021-06-06,16.42,1.42,0.08,270.654,3.44,2.79,20477.8,5.9,0.6499999999999999,0.038461538461538464,0,0,5.295632620349999,12.61252838987479
2021-06-13,15.65,1.31,0.08,270.654,3.44,2.79,20477.8,5.9,0.6499999999999999,0.019230769230769232,0,0,5.295632620349999,12.61252838987479
2021-06-20,20.7,1.19,0.08,270.654,3.44,2.79,20477.8,5.9,0.6499999999999999,0.28846153846153844,0,0,5.295632620349999,12.61252838987479
2021-06-27,15.62,1.26,0.08,270.654,3.44,2.79,20477.8,5.9,0.6499999999999999,0.019230769230769232,0,0,5.295632620349999,12.61252838987479
2021-07-04,15.07,1.2,0.1,271.903,3.24,2.57,20633.3,5.4,0.6700000000000004,0.019230769230769232,0,0,5.245169381309234,12.532587235620696
2021-07-11,16.18,1.14,0.1,271.903,3.24,2.57,20633.3,5.4,0.6700000000000004,0.07692307692307693,0,0,5.245169381309234,12.532587235620696
2021-07-18,18.45,1.06,0.1,271.903,3.24,2.57,20633.3,5.4,0.6700000000000004,0.23076923076923078,0,0,5.245169381309234,12.532587235620696
2021-07-25,17.2,1.08,0.1,271.903,3.24,2.57,20633.3,5.4,0.6700000000000004,0.19230769230769232,0,0,5.245169381309234,12.532587235620696
2021-08-01,18.24,1.05,0.09,272.676,3.24,2.55,20840.9,5.1,0.6900000000000004,0.25,0,0,5.152015301793966,13.196858433996695
2021-08-08,16.15,1.1,0.09,272.676,3.24,2.55,20840.9,5.1,0.6900000000000004,0.07692307692307693,0,0,5.152015301793966,13.196858433996695
2021-08-15,15.45,1.06,0.09,272.676,3.24,2.55,20840.9,5.1,0.6900000000000004,0.038461538461538464,0,0,5.152015301793966,13.196858433996695
2021-08-22,18.56,1.03,0.09,272.676,3.24,2.55,20840.9,5.1,0.6900000000000004,0.3269230769230769,0,0,5.152015301793966,13.196858433996695
2021-08-29,16.39,1.09,0.09,272.676,3.24,2.55,20840.9,5.1,0.6900000000000004,0.15384615384615385,0,0,5.152015301793966,13.196858433996695
2021-09-05,16.41,1.12,0.08,273.91,3.23,2.53,20981.0,4.7,0.7000000000000002,0.17307692307692307,0,0,5.351215590949132,12.785915871522647
2021-09-12,20.95,1.12,0.08,273.91,3.23,2.53,20981.0,4.7,0.7000000000000002,0.5865384615384616,0,0,5.351215590949132,12.785915871522647
2021-09-19,20.81,1.14,0.08,273.91,3.23,2.53,20981.0,4.7,0.7000000000000002,0.5384615384615384,0,0,5.351215590949132,12.785915871522647
2021-09-26,17.75,1.18,0.08,273.91,3.23,2.53,20981.0,4.7,0.7000000000000002,0.3269230769230769,0,0,5.351215590949132,12.785915871522647
2021-10-03,21.15,1.21,0.08,276.55,3.35,2.68,21160.6,4.5,0.6699999999999999,0.6538461538461539,0,0,6.235042390298062,12.810807352753017
2021-10-10,18.77,1.29,0.08,276.55,3.35,2.68,21160.6,4.5,0.6699999999999999,0.4230769230769231,0,0,6.235042390298062,12.810807352753017
2021-10-17,16.3,1.18,0.08,276.55,3.35,2.68,21160.6,4.5,0.6699999999999999,0.15384615384615385,0,0,6.235042390298062,12.810807352753017
2021-10-24,15.43,1.18,0.08,276.55,3.35,2.68,21160.6,4.5,0.6699999999999999,0.038461538461538464,0,0,6.235042390298062,12.810807352753017
2021-10-31,16.26,1.07,0.08,276.55,3.35,2.68,21160.6,4.5,0.6699999999999999,0.17307692307692307,0,0,5.993997953325092,11.389166710533228
2021-11-07,16.48,1.06,0.08,278.919,3.28,2.62,21335.5,4.1,0.6599999999999997,0.2692307692307692,0,0,6.901970403700863,12.309838395536143
2021-11-14,16.29,1.05,0.08,278.919,3.28,2.62,21335.5,4.1,0.6599999999999997,0.19230769230769232,0,0,6.901970403700863,12.309838395536143
2021-11-21,17.91,1.02,0.08,278.919,3.28,2.62,21335.5,4.1,0.6599999999999997,0.4423076923076923,0,0,6.901970403700863,12.309838395536143
2021-11-28,28.62,0.98,0.08,278.919,3.28,2.62,21335.5,4.1,0.6599999999999997,0.9807692307692307,0,0,6.901970403700863,12.309838395536143
2021-12-05,30.67,0.75,0.08,280.845,3.3,2.65,21498.5,3.9,0.6499999999999999,0.9807692307692307,1,0,7.174340285065539,12.465146450300013
2021-12-12,18.69,0.81,0.08,280.845,3.3,2.65,21498.5,3.9,0.6499999999999999,0.5384615384615384,0,0,7.174340285065539,12.465146450300013
2021-12-19,21.57,0.75,0.08,280.845,3.3,2.65,21498.5,3.9,0.6499999999999999,0.8269230769230769,0,0,7.174340285065539,12.465146450300013
2021-12-26,17.96,0.79,0.08,280.845,3.3,2.65,21498.5,3.9,0.6499999999999999,0.46153846153846156,0,0,7.174340285065539,12.465146450300013
2022-01-02,17.22,0.79,0.08,282.543,3.58,2.93,21650.1,4.0,0.6499999999999999,0.38461538461538464,0,0,7.558805726967832,11.719386965271683
2022-01-09,18.76,0.89,0.08,282.543,3.58,2.93,21650.1,4.0,0.6499999999999999,0.5961538461538461,0,0,7.558805726967832,11.719386965271683
2022-01-16,19.19,0.79,0.08,282.543,3.58,2.93,21650.1,4.0,0.6499999999999999,0.6730769230769231,0,0,7.558805726967832,11.719386965271683
2022-01-23,28.85,0.74,0.08,282.543,3.58,2.93,21650.1,4.0,0.6499999999999999,0.9615384615384616,0,0,7.558805726967832,11.719386965271683
2022-01-30,27.66,0.63,0.08,282.543,3.58,2.93,21650.1,4.0,0.6499999999999999,0.9230769230769231,0,0,7.558805726967832,11.719386965271683
2022-02-06,23.22,0.62,0.08,284.5,3.97,3.25,21725.2,3.9,0.7200000000000002,0.8846153846153846,0,0,7.937278766517819,10.606970847885645
2022-02-13,27.36,0.42,0.08,284.5,3.97,3.25,21725.2,3.9,0.7200000000000002,0.9038461538461539,0,0,7.937278766517819,10.606970847885645
2022-02-20,27.75,0.45,0.08,284.5,3.97,3.25,21725.2,3.9,0.7200000000000002,0.9230769230769231,0,0,7.937278766517819,10.606970847885645
2022-02-27,27.59,0.42,0.08,284.5,3.97,3.25,21725.2,3.9,0.7200000000000002,0.9038461538461539,0,0,7.937278766517819,10.606970847885645
2022-03-06,31.98,0.24,0.2,287.674,4.29,3.43,21787.2,3.7,0.8599999999999999,1.0,1,0,8.572204966013853,9.631060926272571
2022-03-13,30.75,0.25,0.2,287.674,4.29,3.43,21787.2,3.7,0.8599999999999999,0.9807692307692307,1,0,8.572204966013853,9.631060926272571
2022-03-20,23.87,0.17,0.2,287.674,4.29,3.43,21787.2,3.7,0.8599999999999999,0.8269230769230769,0,0,8.572204966013853,9.631060926272571
2022-03-27,20.81,0.18,0.2,287.674,4.29,3.43,21787.2,3.7,0.8599999999999999,0.7211538461538461,0,0,8.572204966013853,9.631060926272571
2022-04-03,19.63,-0.05,0.33,288.561,4.66,3.76,21769.4,3.7,0.9000000000000004,0.6538461538461539,0,1,8.231750770777225,7.892689164341404
2022-04-10,21.16,0.19,0.33,288.561,4.66,3.76,21769.4,3.7,0.9000000000000004,0.7692307692307693,0,0,8.231750770777225,7.892689164341404
2022-04-17,22.7,0.36,0.33,288.561,4.66,3.76,21769.4,3.7,0.9000000000000004,0.7884615384615384,0,0,8.231750770777225,7.892689164341404
2022-04-24,28.21,0.18,0.33,288.561,4.66,3.76,21769.4,3.7,0.9000000000000004,0.9038461538461539,0,0,8.231750770777225,7.892689164341404
2022-05-01,33.4,0.19,0.77,291.298,5.12,4.13,21719.9,3.6,0.9900000000000002,1.0,1,0,8.538171195642065,6.155793630623063
2022-05-08,30.19,0.4,0.77,291.298,5.12,4.13,21719.9,3.6,0.9900000000000002,0.9230769230769231,0,0,8.538171195642065,6.155793630623063
2022-05-15,28.87,0.32,0.77,291.298,5.12,4.13,21719.9,3.6,0.9900000000000002,0.9038461538461539,0,0,8.538171195642065,6.155793630623063
2022-05-22,29.43,0.18,0.77,291.298,5.12,4.13,21719.9,3.6,0.9900000000000002,0.9038461538461539,0,0,8.538171195642065,6.155793630623063
2022-05-29,25.72,0.27,0.77,291.298,5.12,4.13,21719.9,3.6,0.9900000000000002,0.7307692307692307,0,0,8.538171195642065,6.155793630623063
2022-06-05,24.79,0.3,1.21,294.957,5.27,4.24,21651.5,3.6,1.0299999999999994,0.7115384615384616,0,0,8.979361103105798,5.731572727539103
2022-06-12,27.75,0.09,1.21,294.957,5.27,4.24,21651.5,3.6,1.0299999999999994,0.7980769230769231,0,0,8.979361103105798,5.731572727539103
2022-06-19,31.13,0.08,1.21,294.957,5.27,4.24,21651.5,3.6,1.0299999999999994,0.9615384615384616,0,0,8.979361103105798,5.731572727539103
2022-06-26,27.23,0.09,1.21,294.957,5.27,4.24,21651.5,3.6,1.0299999999999994,0.6923076923076923,0,0,8.979361103105798,5.731572727539103
2022-07-03,26.7,0.04,1.68,294.913,5.21,4.06,21652.9,3.5,1.1500000000000004,0.6730769230769231,0,0,8.462576727730099,4.941526561432252
2022-07-10,24.64,-0.03,1.68,294.913,5.21,4.06,21652.9,3.5,1.1500000000000004,0.6153846153846154,0,1,8.462576727730099,4.941526561432252
2022-07-17,24.23,-0.2,1.68,294.913,5.21,4.06,21652.9,3.5,1.1500000000000004,0.5961538461538461,0,1,8.462576727730099,4.941526561432252
2022-07-24,23.03,-0.21,1.68,294.913,5.21,4.06,21652.9,3.5,1.1500000000000004,0.5384615384615384,0,1,8.462576727730099,4.941526561432252
2022-07-31,21.33,-0.22,1.68,294.913,5.21,4.06,21652.9,3.5,1.1500000000000004,0.4807692307692308,0,1,8.155099825433854,3.896184905642275
2022-08-07,21.15,-0.41,2.33,295.097,5.15,4.07,21638.4,3.6,1.08,0.4326923076923077,0,1,8.222579178218826,3.826610175184375
2022-08-14,19.53,-0.41,2.33,295.097,5.15,4.07,21638.4,3.6,1.08,0.3269230769230769,0,1,8.222579178218826,3.826610175184375
2022-08-21,20.6,-0.27,2.33,295.097,5.15,4.07,21638.4,3.6,1.08,0.34615384615384615,0,1,8.222579178218826,3.826610175184375
2022-08-28,25.56,-0.33,2.33,295.097,5.15,4.07,21638.4,3.6,1.08,0.6346153846153846,0,1,8.222579178218826,3.826610175184375
2022-09-04,25.47,-0.2,2.56,296.349,5.69,4.59,21536.7,3.5,1.1000000000000005,0.6153846153846154,0,1,8.192106896425821,2.648586816643639
2022-09-11,22.79,-0.23,2.56,296.349,5.69,4.59,21536.7,3.5,1.1000000000000005,0.4807692307692308,0,1,8.192106896425821,2.648586816643639
2022-09-18,26.3,-0.4,2.56,296.349,5.69,4.59,21536.7,3.5,1.1000000000000005,0.6538461538461539,0,1,8.192106896425821,2.648586816643639
2022-09-25,29.92,-0.51,2.56,296.349,5.69,4.59,21536.7,3.5,1.1000000000000005,0.8846153846153846,0,1,8.192106896425821,2.648586816643639
2022-10-02,31.62,-0.39,3.08,298.007,6.26,5.1,21461.7,3.6,1.1600000000000001,0.9615384615384616,0,1,7.758813957693,1.422927516233008
2022-10-09,31.36,-0.41,3.08,298.007,6.26,5.1,21461.7,3.6,1.1600000000000001,0.9423076923076923,0,1,7.758813957693,1.422927516233008
2022-10-16,32.02,-0.48,3.08,298.007,6.26,5.1,21461.7,3.6,1.1600000000000001,0.9807692307692307,0,1,7.758813957693,1.422927516233008
2022-10-23,29.69,-0.28,3.08,298.007,6.26,5.1,21461.7,3.6,1.1600000000000001,0.8076923076923077,0,1,7.758813957693,1.422927516233008
2022-10-30,25.75,-0.39,3.08,298.007,6.26,5.1,21461.7,3.6,1.1600000000000001,0.5384615384615384,0,1,7.758813957693,1.422927516233008
2022-11-06,24.55,-0.49,3.78,298.786,6.07,4.9,21406.7,3.6,1.17,0.4230769230769231,0,1,7.122856456533988,0.3337161069578931
2022-11-13,22.52,-0.52,3.78,298.786,6.07,4.9,21406.7,3.6,1.17,0.28846153846153844,0,1,7.122856456533988,0.3337161069578931
2022-11-20,23.12,-0.69,3.78,298.786,6.07,4.9,21406.7,3.6,1.17,0.34615384615384615,0,1,7.122856456533988,0.3337161069578931
2022-11-27,20.5,-0.74,3.78,298.786,6.07,4.9,21406.7,3.6,1.17,0.15384615384615385,0,1,7.122856456533988,0.3337161069578931
2022-12-04,19.06,-0.77,4.1,298.832,5.59,4.43,21290.9,3.5,1.1600000000000001,0.09615384615384616,0,1,6.404600402357152,-0.9656487661929836
2022-12-11,22.83,-0.76,4.1,298.832,5.59,4.43,21290.9,3.5,1.1600000000000001,0.34615384615384615,0,1,6.404600402357152,-0.9656487661929836
2022-12-18,22.62,-0.69,4.1,298.832,5.59,4.43,21290.9,3.5,1.1600000000000001,0.28846153846153844,0,1,6.404600402357152,-0.9656487661929836
2022-12-25,20.87,-0.56,4.1,298.832,5.59,4.43,21290.9,3.5,1.1600000000000001,0.19230769230769232,0,1,6.404600402357152,-0.9656487661929836
2023-01-01,21.67,-0.53,4.33,300.42,5.5,4.4,21279.9,3.5,1.0999999999999996,0.25,0,1,6.327178517960097,-1.7099228179084491
2023-01-08,21.13,-0.69,4.33,300.42,5.5,4.4,21279.9,3.5,1.0999999999999996,0.17307692307692307,0,1,6.327178517960097,-1.7099228179084491
2023-01-15,18.35,-0.73,4.33,300.42,5.5,4.4,21279.9,3.5,1.0999999999999996,0.019230769230769232,0,1,6.327178517960097,-1.7099228179084491
2023-01-22,19.85,-0.66,4.33,300.42,5.5,4.4,21279.9,3.5,1.0999999999999996,0.09615384615384616,0,1,6.327178517960097,-1.7099228179084491
2023-01-29,18.51,-0.67,4.33,300.42,5.5,4.4,21279.9,3.5,1.0999999999999996,0.038461538461538464,0,1,6.327178517960097,-1.7099228179084491
2023-02-05,18.33,-0.77,4.57,301.45,5.59,4.56,21243.7,3.6,1.0300000000000002,0.019230769230769232,0,1,5.957820738137087,-2.216320217995693
2023-02-12,20.53,-0.76,4.57,301.45,5.59,4.56,21243.7,3.6,1.0300000000000002,0.17307692307692307,0,1,5.957820738137087,-2.216320217995693
2023-02-19,20.02,-0.78,4.57,301.45,5.59,4.56,21243.7,3.6,1.0300000000000002,0.15384615384615385,0,1,5.957820738137087,-2.216320217995693
2023-02-26,21.67,-0.83,4.57,301.45,5.59,4.56,21243.7,3.6,1.0300000000000002,0.3557692307692308,0,1,5.957820738137087,-2.216320217995693
2023-03-05,18.49,-0.89,4.65,301.821,5.71,4.6,20947.4,3.5,1.1100000000000003,0.057692307692307696,0,1,4.917719362889961,-3.854556803995002
2023-03-12,24.8,-0.9,4.65,301.821,5.71,4.6,20947.4,3.5,1.1100000000000003,0.6346153846153846,0,1,4.917719362889961,-3.854556803995002
2023-03-19,25.51,-0.42,4.65,301.821,5.71,4.6,20947.4,3.5,1.1100000000000003,0.6538461538461539,0,1,4.917719362889961,-3.854556803995002
2023-03-26,21.74,-0.38,4.65,301.821,5.71,4.6,20947.4,3.5,1.1100000000000003,0.38461538461538464,0,1,4.917719362889961,-3.854556803995002
2023-04-02,18.7,-0.58,4.83,302.845,5.53,4.47,20761.4,3.4,1.0600000000000005,0.09615384615384616,0,1,4.950079879124369,-4.630352696904827
2023-04-09,18.4,-0.58,4.83,302.845,5.53,4.47,20761.4,3.4,1.0600000000000005,0.057692307692307696,0,1,4.950079879124369,-4.630352696904827
2023-04-16,17.07,-0.56,4.83,302.845,5.53,4.47,20761.4,3.4,1.0600000000000005,0.019230769230769232,0,1,4.950079879124369,-4.630352696904827
2023-04-23,16.77,-0.6,4.83,302.845,5.53,4.47,20761.4,3.4,1.0600000000000005,0.019230769230769232,0,1,4.950079879124369,-4.630352696904827
2023-04-30,15.78,-0.6,4.83,302.845,5.53,4.47,20761.4,3.4,1.0600000000000005,0.019230769230769232,0,1,3.9639819016951794,-4.413003743111155
2023-05-07,17.19,-0.48,5.06,303.334,5.77,4.67,20829.6,3.6,1.0999999999999996,0.07692307692307693,0,1,4.131851231385042,-4.099005980690529
2023-05-14,17.03,-0.52,5.06,303.334,5.77,4.67,20829.6,3.6,1.0999999999999996,0.057692307692307696,0,1,4.131851231385042,-4.099005980690529
2023-05-21,16.81,-0.58,5.06,303.334,5.77,4.67,20829.6,3.6,1.0999999999999996,0.057692307692307696,0,1,4.131851231385042,-4.099005980690529
2023-05-28,17.95,-0.74,5.06,303.334,5.77,4.67,20829.6,3.6,1.0999999999999996,0.1346153846153846,0,1,4.131851231385042,-4.099005980690529
2023-06-04,14.6,-0.81,5.08,304.014,5.75,4.65,20799.4,3.6,1.0999999999999996,0.019230769230769232,0,1,3.070617072997095,-3.935524097637566
2023-06-11,13.83,-0.84,5.08,304.014,5.75,4.65,20799.4,3.6,1.0999999999999996,0.019230769230769232,0,1,3.070617072997095,-3.935524097637566
2023-06-18,13.54,-0.93,5.08,304.014,5.75,4.65,20799.4,3.6,1.0999999999999996,0.019230769230769232,0,1,3.070617072997095,-3.935524097637566
2023-06-25,13.44,-0.97,5.08,304.014,5.75,4.65,20799.4,3.6,1.0999999999999996,0.019230769230769232,0,1,3.070617072997095,-3.935524097637566
2023-07-02,13.59,-1.06,5.12,304.609,5.74,4.66,20791.4,3.5,1.08,0.057692307692307696,0,1,3.287749268428297,-3.9786818393841017
2023-07-09,14.83,-0.88,5.12,304.609,5.74,4.66,20791.4,3.5,1.08,0.11538461538461539,0,1,3.287749268428297,-3.9786818393841017
2023-07-16,13.34,-0.91,5.12,304.609,5.74,4.66,20791.4,3.5,1.08,0.019230769230769232,0,1,3.287749268428297,-3.9786818393841017
2023-07-23,13.6,-0.98,5.12,304.609,5.74,4.66,20791.4,3.5,1.08,0.09615384615384616,0,1,3.287749268428297,-3.9786818393841017
2023-07-30,13.33,-0.91,5.12,304.609,5.74,4.66,20791.4,3.5,1.08,0.019230769230769232,0,1,3.287749268428297,-3.9786818393841017
2023-08-06,17.1,-0.73,5.33,306.082,6.02,4.95,20777.5,3.7,1.0699999999999994,0.28846153846153844,0,1,3.722504803505289,-3.978575125702466
2023-08-13,14.84,-0.73,5.33,306.082,6.02,4.95,20777.5,3.7,1.0699999999999994,0.19230769230769232,0,1,3.722504803505289,-3.978575125702466
2023-08-20,17.3,-0.66,5.33,306.082,6.02,4.95,20777.5,3.7,1.0699999999999994,0.34615384615384615,0,1,3.722504803505289,-3.978575125702466
2023-08-27,15.68,-0.78,5.33,306.082,6.02,4.95,20777.5,3.7,1.0699999999999994,0.21153846153846154,0,1,3.722504803505289,-3.978575125702466
2023-09-03,13.09,-0.69,5.33,307.276,6.16,5.13,20747.8,3.7,1.0300000000000002,0.019230769230769232,0,1,3.687206638119256,-3.6630495851267875
2023-09-10,13.84,-0.72,5.33,307.276,6.16,5.13,20747.8,3.7,1.0300000000000002,0.17307692307692307,0,1,3.687206638119256,-3.6630495851267875
2023-09-17,13.79,-0.69,5.33,307.276,6.16,5.13,20747.8,3.7,1.0300000000000002,0.15384615384615385,0,1,3.687206638119256,-3.6630495851267875
2023-09-24,17.2,-0.66,5.33,307.276,6.16,5.13,20747.8,3.7,1.0300000000000002,0.4230769230769231,0,1,3.687206638119256,-3.6630495851267875
2023-10-01,17.52,-0.44,5.33,307.696,6.63,5.61,20732.9,3.9,1.0199999999999996,0.46153846153846156,0,1,3.2512659098611785,-3.3958167339959044
2023-10-08,17.45,-0.3,5.33,307.696,6.63,5.61,20732.9,3.9,1.0199999999999996,0.46153846153846156,0,1,3.2512659098611785,-3.3958167339959044
2023-10-15,19.32,-0.41,5.33,307.696,6.63,5.61,20732.9,3.9,1.0199999999999996,0.6538461538461539,0,1,3.2512659098611785,-3.3958167339959044
2023-10-22,21.71,-0.14,5.33,307.696,6.63,5.61,20732.9,3.9,1.0199999999999996,0.8269230769230769,0,1,3.2512659098611785,-3.3958167339959044
2023-10-29,21.27,-0.15,5.33,307.696,6.63,5.61,20732.9,3.9,1.0199999999999996,0.7884615384615384,0,1,3.2512659098611785,-3.3958167339959044
2023-11-05,14.91,-0.26,5.33,308.148,6.29,5.28,20746.4,3.7,1.0099999999999998,0.2692307692307692,0,1,3.1333462745911866,-3.0845482956270653
2023-11-12,14.17,-0.43,5.33,308.148,6.29,5.28,20746.4,3.7,1.0099999999999998,0.21153846153846154,0,1,3.1333462745911866,-3.0845482956270653
2023-11-19,13.8,-0.44,5.33,308.148,6.29,5.28,20746.4,3.7,1.0099999999999998,0.17307692307692307,0,1,3.1333462745911866,-3.0845482956270653
2023-11-26,12.46,-0.45,5.33,308.148,6.29,5.28,20746.4,3.7,1.0099999999999998,0.019230769230769232,0,1,3.1333462745911866,-3.0845482956270653
2023-12-03,12.63,-0.34,5.33,308.741,5.64,4.74,20777.8,3.8,0.8999999999999995,0.038461538461538464,0,1,3.3159099427102934,-2.4099497907556833
2023-12-10,12.35,-0.48,5.33,308.741,5.64,4.74,20777.8,3.8,0.8999999999999995,0.019230769230769232,0,1,3.3159099427102934,-2.4099497907556833
2023-12-17,12.28,-0.53,5.33,308.741,5.64,4.74,20777.8,3.8,0.8999999999999995,0.019230769230769232,0,1,3.3159099427102934,-2.4099497907556833
2023-12-24,13.03,-0.41,5.33,308.741,5.64,4.74,20777.8,3.8,0.8999999999999995,0.09615384615384616,0,1,3.3159099427102934,-2.4099497907556833
2023-12-31,12.45,-0.35,5.33,308.741,5.64,4.74,20777.8,3.8,0.8999999999999995,0.057692307692307696,0,1,2.769788962119679,-2.3595035690957333
2024-01-07,13.35,-0.35,5.33,309.698,5.68,4.87,20843.7,3.7,0.8099999999999996,0.19230769230769232,0,1,3.0883429864855705,-2.0498216626957833
2024-01-14,12.7,-0.18,5.33,309.698,5.68,4.87,20843.7,3.7,0.8099999999999996,0.11538461538461539,0,1,3.0883429864855705,-2.0498216626957833
2024-01-21,13.3,-0.24,5.33,309.698,5.68,4.87,20843.7,3.7,0.8099999999999996,0.17307692307692307,0,1,3.0883429864855705,-2.0498216626957833
2024-01-28,13.26,-0.19,5.33,309.698,5.68,4.87,20843.7,3.7,0.8099999999999996,0.17307692307692307,0,1,3.0883429864855705,-2.0498216626957833
2024-02-04,13.85,-0.33,5.33,310.967,5.77,5.03,20926.9,3.9,0.7399999999999993,0.4230769230769231,0,1,3.157074141648697,-1.4912656458149876
2024-02-11,12.93,-0.31,5.33,310.967,5.77,5.03,20926.9,3.9,0.7399999999999993,0.1346153846153846,0,1,3.157074141648697,-1.4912656458149876
2024-02-18,14.24,-0.34,5.33,310.967,5.77,5.03,20926.9,3.9,0.7399999999999993,0.4807692307692308,0,1,3.157074141648697,-1.4912656458149876
2024-02-25,13.75,-0.41,5.33,310.967,5.77,5.03,20926.9,3.9,0.7399999999999993,0.36538461538461536,0,1,3.157074141648697,-1.4912656458149876
2024-03-03,13.11,-0.35,5.33,312.345,5.75,5.01,20973.2,3.9,0.7400000000000002,0.19230769230769232,0,1,3.4868349120836584,0.12316564346888104
2024-03-10,14.74,-0.39,5.33,312.345,5.75,5.01,20973.2,3.9,0.7400000000000002,0.5576923076923077,0,1,3.4868349120836584,0.12316564346888104
2024-03-17,14.41,-0.41,5.33,312.345,5.75,5.01,20973.2,3.9,0.7400000000000002,0.5384615384615384,0,1,3.4868349120836584,0.12316564346888104
2024-03-24,13.06,-0.37,5.33,312.345,5.75,5.01,20973.2,3.9,0.7400000000000002,0.17307692307692307,0,1,3.4868349120836584,0.12316564346888104
2024-03-31,13.01,-0.39,5.33,312.345,5.75,5.01,20973.2,3.9,0.7400000000000002,0.15384615384615385,0,1,3.136918225494889,1.0201624167927026
2024-04-07,16.03,-0.34,5.33,313.023,6.0,5.28,20958.8,3.9,0.7199999999999998,0.7307692307692307,0,1,3.3607951262196734,0.9508029323648692
2024-04-14,17.31,-0.38,5.33,313.023,6.0,5.28,20958.8,3.9,0.7199999999999998,0.8846153846153846,0,1,3.3607951262196734,0.9508029323648692
2024-04-21,18.71,-0.35,5.33,313.023,6.0,5.28,20958.8,3.9,0.7199999999999998,0.9423076923076923,0,1,3.3607951262196734,0.9508029323648692
2024-04-28,15.03,-0.29,5.33,313.023,6.0,5.28,20958.8,3.9,0.7199999999999998,0.6923076923076923,0,1,3.3607951262196734,0.9508029323648692
2024-05-05,13.49,-0.31,5.33,313.175,5.95,5.25,21019.9,3.9,0.7000000000000002,0.36538461538461536,0,1,3.244278584003113,0.9136037177862377
2024-05-12,12.55,-0.37,5.33,313.175,5.95,5.25,21019.9,3.9,0.7000000000000002,0.09615384615384616,0,1,3.244278584003113,0.9136037177862377
2024-05-19,11.99,-0.41,5.33,313.175,5.95,5.25,21019.9,3.9,0.7000000000000002,0.019230769230769232,0,1,3.244278584003113,0.9136037177862377
2024-05-26,11.93,-0.47,5.33,313.175,5.95,5.25,21019.9,3.9,0.7000000000000002,0.019230769230769232,0,1,3.244278584003113,0.9136037177862377
2024-06-02,12.92,-0.38,5.33,313.044,5.82,5.13,21067.7,4.1,0.6900000000000004,0.19230769230769232,0,1,2.9702579486470926,1.2899410559920055
2024-06-09,12.22,-0.44,5.33,313.044,5.82,5.13,21067.7,4.1,0.6900000000000004,0.057692307692307696,0,1,2.9702579486470926,1.2899410559920055
2024-06-16,12.66,-0.47,5.33,313.044,5.82,5.13,21067.7,4.1,0.6900000000000004,0.19230769230769232,0,1,2.9702579486470926,1.2899410559920055
2024-06-23,13.2,-0.45,5.33,313.044,5.82,5.13,21067.7,4.1,0.6900000000000004,0.36538461538461536,0,1,2.9702579486470926,1.2899410559920055
2024-06-30,12.44,-0.35,5.33,313.044,5.82,5.13,21067.7,4.1,0.6900000000000004,0.11538461538461539,0,1,2.769123696279485,1.328914839789519
2024-07-07,12.48,-0.32,5.33,313.569,5.84,5.12,21094.4,4.2,0.7199999999999998,0.17307692307692307,0,1,2.9414757935583014,1.4573333205075256
2024-07-14,12.46,-0.27,5.33,313.569,5.84,5.12,21094.4,4.2,0.7199999999999998,0.16346153846153846,0,1,2.9414757935583014,1.4573333205075256
2024-07-21,16.52,-0.24,5.33,313.569,5.84,5.12,21094.4,4.2,0.7199999999999998,0.8076923076923077,0,1,2.9414757935583014,1.4573333205075256
2024-07-28,16.39,-0.16,5.33,313.569,5.84,5.12,21094.4,4.2,0.7199999999999998,0.7884615384615384,0,1,2.9414757935583014,1.4573333205075256
2024-08-04,23.39,-0.08,5.33,314.062,5.6,4.87,21185.8,4.2,0.7299999999999995,1.0,1,1,2.607144490692037,1.9651064853808187
2024-08-11,20.37,-0.11,5.33,314.062,5.6,4.87,21185.8,4.2,0.7299999999999995,0.9423076923076923,0,1,2.607144490692037,1.9651064853808187
2024-08-18,14.8,-0.17,5.33,314.062,5.6,4.87,21185.8,4.2,0.7299999999999995,0.6923076923076923,0,1,2.607144490692037,1.9651064853808187
2024-08-25,15.86,-0.09,5.33,314.062,5.6,4.87,21185.8,4.2,0.7299999999999995,0.75,0,1,2.607144490692037,1.9651064853808187
2024-09-01,15.0,0.0,5.13,314.732,5.42,4.68,21268.6,4.1,0.7400000000000002,0.7115384615384616,0,0,2.4264830315416708,2.5101456539970535
2024-09-08,22.38,0.06,5.13,314.732,5.42,4.68,21268.6,4.1,0.7400000000000002,0.9807692307692307,1,0,2.4264830315416708,2.5101456539970535
2024-09-15,16.56,0.09,5.13,314.732,5.42,4.68,21268.6,4.1,0.7400000000000002,0.7884615384615384,0,0,2.4264830315416708,2.5101456539970535
2024-09-22,16.15,0.18,5.13,314.732,5.42,4.68,21268.6,4.1,0.7400000000000002,0.75,0,0,2.4264830315416708,2.5101456539970535
2024-09-29,16.96,0.2,5.13,314.732,5.42,4.68,21268.6,4.1,0.7400000000000002,0.8269230769230769,0,0,2.2866725599292703,2.5838160604642724
2024-10-06,19.21,0.05,4.83,315.631,5.63,4.95,21331.0,4.1,0.6799999999999997,0.8846153846153846,0,0,2.578844053871343,2.884786981078369
2024-10-13,20.46,0.13,4.83,315.631,5.63,4.95,21331.0,4.1,0.6799999999999997,0.9230769230769231,0,0,2.578844053871343,2.884786981078369
2024-10-20,18.03,0.13,4.83,315.631,5.63,4.95,21331.0,4.1,0.6799999999999997,0.8653846153846154,0,0,2.578844053871343,2.884786981078369
2024-10-27,20.33,0.14,4.83,315.631,5.63,4.95,21331.0,4.1,0.6799999999999997,0.9230769230769231,0,0,2.578844053871343,2.884786981078369
2024-11-03,21.88,0.16,4.64,316.528,5.78,5.14,21451.6,4.2,0.6400000000000006,0.9615384615384616,0,0,2.719472461284833,3.399143947865646
2024-11-10,14.94,0.04,4.64,316.528,5.78,5.14,21451.6,4.2,0.6400000000000006,0.6346153846153846,0,0,2.719472461284833,3.399143947865646
2024-11-17,16.14,0.12,4.64,316.528,5.78,5.14,21451.6,4.2,0.6400000000000006,0.7115384615384616,0,0,2.719472461284833,3.399143947865646
2024-11-24,15.24,0.04,4.64,316.528,5.78,5.14,21451.6,4.2,0.6400000000000006,0.6538461538461539,0,0,2.719472461284833,3.399143947865646
2024-12-01,13.51,0.05,4.48,317.604,5.8,5.2,21485.3,4.1,0.5999999999999996,0.46153846153846156,0,0,2.870690967509981,3.4050765721106213
2024-12-08,12.77,0.05,4.48,317.604,5.8,5.2,21485.3,4.1,0.5999999999999996,0.23076923076923078,0,0,2.870690967509981,3.4050765721106213
2024-12-15,13.81,0.15,4.48,317.604,5.8,5.2,21485.3,4.1,0.5999999999999996,0.4807692307692308,0,0,2.870690967509981,3.4050765721106213
2024-12-22,18.36,0.22,4.48,317.604,5.8,5.2,21485.3,4.1,0.5999999999999996,0.8461538461538461,0,0,2.870690967509981,3.4050765721106213
2024-12-29,15.95,0.31,4.48,317.604,5.8,5.2,21485.3,4.1,0.5999999999999996,0.6538461538461539,0,0,2.870690967509981,3.4050765721106213
2025-01-05,16.13,0.32,4.33,318.961,6.08,5.46,21547.6,4.0,0.6200000000000001,0.6730769230769231,0,0,2.9909783078999608,3.377039585102448
2025-01-12,19.54,0.37,4.33,318.961,6.08,5.46,21547.6,4.0,0.6200000000000001,0.8846153846153846,0,0,2.9909783078999608,3.377039585102448
2025-01-19,15.97,0.34,4.33,318.961,6.08,5.46,21547.6,4.0,0.6200000000000001,0.6153846153846154,0,0,2.9909783078999608,3.377039585102448
2025-01-26,14.85,0.36,4.33,318.961,6.08,5.46,21547.6,4.0,0.6200000000000001,0.4807692307692308,0,0,2.9909783078999608,3.377039585102448
2025-02-02,16.43,0.36,4.33,319.679,5.92,5.32,21613.2,4.2,0.5999999999999996,0.7115384615384616,0,0,2.8015834477613355,3.2795110599276533
2025-02-09,16.54,0.2,4.33,319.679,5.92,5.32,21613.2,4.2,0.5999999999999996,0.7307692307692307,0,0,2.8015834477613355,3.2795110599276533
2025-02-16,14.77,0.21,4.33,319.679,5.92,5.32,21613.2,4.2,0.5999999999999996,0.40384615384615385,0,0,2.8015834477613355,3.2795110599276533
2025-02-23,18.21,0.23,4.33,319.679,5.92,5.32,21613.2,4.2,0.5999999999999996,0.8076923076923077,0,0,2.8015834477613355,3.2795110599276533
2025-03-02,19.63,0.25,4.33,319.785,5.93,5.29,21693.5,4.2,0.6399999999999997,0.8846153846153846,0,0,2.381981462805549,3.434382926782753
2025-03-09,23.37,0.33,4.33,319.785,5.93,5.29,21693.5,4.2,0.6399999999999997,0.9807692307692307,0,0,2.381981462805549,3.434382926782753
2025-03-16,21.77,0.29,4.33,319.785,5.93,5.29,21693.5,4.2,0.6399999999999997,0.9230769230769231,0,0,2.381981462805549,3.434382926782753
2025-03-23,19.28,0.31,4.33,319.785,5.93,5.29,21693.5,4.2,0.6399999999999997,0.8076923076923077,0,0,2.381981462805549,3.434382926782753
2025-03-30,21.65,0.38,4.33,319.785,5.93,5.29,21693.5,4.2,0.6399999999999997,0.9038461538461539,0,0,2.381981462805549,3.434382926782753
2025-04-06,45.31,0.33,4.33,320.302,6.18,5.45,21775.5,4.2,0.7299999999999995,1.0,1,0,2.32538823025783,3.8966925587342827
2025-04-13,37.56,0.52,4.33,320.302,6.18,5.45,21775.5,4.2,0.7299999999999995,0.9807692307692307,1,0,2.32538823025783,3.8966925587342827
2025-04-20,29.65,0.53,4.33,320.302,6.18,5.45,21775.5,4.2,0.7299999999999995,0.9615384615384616,1,0,2.32538823025783,3.8966925587342827
2025-04-27,24.84,0.55,4.33,320.302,6.18,5.45,21775.5,4.2,0.7299999999999995,0.9423076923076923,0,0,2.32538823025783,3.8966925587342827
2025-05-04,22.68,0.5,4.33,320.62,6.29,5.54,21833.8,4.3,0.75,0.8846153846153846,0,0,2.3772651073680873,3.8720450620602254
2025-05-11,21.9,0.49,4.33,320.62,6.29,5.54,21833.8,4.3,0.75,0.8461538461538461,0,0,2.3772651073680873,3.8720450620602254
2025-05-18,17.24,0.45,4.33,320.62,6.29,5.54,21833.8,4.3,0.75,0.5769230769230769,0,0,2.3772651073680873,3.8720450620602254
2025-05-25,22.29,0.51,4.33,320.62,6.29,5.54,21833.8,4.3,0.75,0.8461538461538461,0,0,2.3772651073680873,3.8720450620602254
2025-06-01,18.57,0.52,4.33,321.435,6.15,5.46,21938.7,4.1,0.6900000000000004,0.6153846153846154,0,0,2.680453865910226,4.134290881301705
2025-06-08,16.77,0.47,4.33,321.435,6.15,5.46,21938.7,4.1,0.6900000000000004,0.5,0,0,2.680453865910226,4.134290881301705
2025-06-15,20.82,0.45,4.33,321.435,6.15,5.46,21938.7,4.1,0.6900000000000004,0.75,0,0,2.680453865910226,4.134290881301705
2025-06-22,20.62,0.48,4.33,321.435,6.15,5.46,21938.7,4.1,0.6900000000000004,0.7307692307692307,0,0,2.680453865910226,4.134290881301705
2025-06-29,16.32,0.56,4.33,321.435,6.15,5.46,21938.7,4.1,0.6900000000000004,0.34615384615384615,0,0,2.680453865910226,4.134290881301705
2025-07-06,17.48,0.47,4.33,322.169,6.1,5.45,22019.9,4.3,0.6499999999999995,0.5,0,0,2.742618052167134,4.387420358009719
2025-07-13,16.4,0.53,4.33,322.169,6.1,5.45,22019.9,4.3,0.6499999999999995,0.34615384615384615,0,0,2.742618052167134,4.387420358009719
2025-07-20,16.41,0.56,4.33,322.169,6.1,5.45,22019.9,4.3,0.6499999999999995,0.36538461538461536,0,0,2.742618052167134,4.387420358009719
2025-07-27,14.93,0.49,4.33,322.169,6.1,5.45,22019.9,4.3,0.6499999999999995,0.1346153846153846,0,0,2.742618052167134,4.387420358009719
2025-08-03,20.38,0.54,4.33,323.291,6.0,5.35,22086.8,4.3,0.6500000000000004,0.7115384615384616,0,0,2.9385917430316155,4.252848606141857
2025-08-10,15.15,0.51,4.33,323.291,6.0,5.35,22086.8,4.3,0.6500000000000004,0.19230769230769232,0,0,2.9385917430316155,4.252848606141857
2025-08-17,15.09,0.58,4.33,323.291,6.0,5.35,22086.8,4.3,0.6500000000000004,0.17307692307692307,0,0,2.9385917430316155,4.252848606141857
2025-08-24,14.22,0.58,4.33,323.291,6.0,5.35,22086.8,4.3,0.6500000000000004,0.07692307692307693,0,0,2.9385917430316155,4.252848606141857
2025-08-31,15.36,0.64,4.33,323.291,6.0,5.35,22086.8,4.3,0.6500000000000004,0.23076923076923078,0,0,2.7194565535121784,3.846985697225014
2025-09-07,15.18,0.59,4.22,324.245,5.83,5.21,22169.8,4.4,0.6200000000000001,0.21153846153846154,0,0,3.0225715847133294,4.237232351917863
2025-09-14,14.76,0.5,4.22,324.245,5.83,5.21,22169.8,4.4,0.6200000000000001,0.09615384615384616,0,0,3.0225715847133294,4.237232351917863
2025-09-21,15.45,0.57,4.22,324.245,5.83,5.21,22169.8,4.4,0.6200000000000001,0.28846153846153844,0,0,3.0225715847133294,4.237232351917863
2025-09-28,15.29,0.57,4.22,324.245,5.83,5.21,22169.8,4.4,0.6200000000000001,0.2692307692307692,0,0,3.0225715847133294,4.237232351917863
2025-10-05,16.65,0.55,4.09,324.245,5.74,5.13,22250.4,4.4,0.6100000000000003,0.5,0,0,2.729136238202212,4.31015892363229
2025-10-12,21.66,0.53,4.09,324.245,5.74,5.13,22250.4,4.4,0.6100000000000003,0.8076923076923077,0,0,2.729136238202212,4.31015892363229
2025-10-19,20.78,0.56,4.09,324.245,5.74,5.13,22250.4,4.4,0.6100000000000003,0.75,0,0,2.729136238202212,4.31015892363229
2025-10-26,16.37,0.54,4.09,324.245,5.74,5.13,22250.4,4.4,0.6100000000000003,0.4230769230769231,0,0,2.729136238202212,4.31015892363229
2025-11-02,17.44,0.51,3.88,325.063,5.86,5.26,22296.5,4.5,0.6000000000000005,0.5769230769230769,0,0,2.6964439164939513,3.938633948050496
2025-11-09,19.08,0.56,3.88,325.063,5.86,5.26,22296.5,4.5,0.6000000000000005,0.6538461538461539,0,0,2.6964439164939513,3.938633948050496
2025-11-16,19.83,0.52,3.88,325.063,5.86,5.26,22296.5,4.5,0.6000000000000005,0.7115384615384616,0,0,2.6964439164939513,3.938633948050496
2025-11-23,23.43,0.55,3.88,325.063,5.86,5.26,22296.5,4.5,0.6000000000000005,0.9230769230769231,0,0,2.6964439164939513,3.938633948050496
2025-11-30,16.35,0.55,3.88,325.063,5.86,5.26,22296.5,4.5,0.6000000000000005,0.34615384615384615,0,0,2.348522058916136,3.7756047157824213
2025-12-07,15.41,0.58,3.72,326.031,5.9,5.31,22386.9,4.4,0.5900000000000007,0.23076923076923078,0,0,2.653304114557753,4.19635750955305
2025-12-14,15.74,0.67,,,,,,,,0.25,0,0,,
2025-12-21,14.91,0.68,,,,,,,,0.09615384615384616,0,0,,
2025-12-28,13.6,0.68,,,,,,,,0.019230769230769232,0,0,,
2026-01-04,14.95,0.71,,,,,,,,0.15384615384615385,0,0,,
